,accuracy,precision,recall,f1,roc_auc,cv_auc_mean,cv_auc_std
Logistic Regression,0.9881676434811456,0.9921465968586387,0.9206477732793522,0.9550608987820244,0.9933482528041416,0.9929007333428898,0.0012282062539889546
Random Forest,0.8654207674444322,1.0,0.014574898785425101,0.028731045490822026,0.9585665278423043,0.9626471963709587,0.006041860127819591
