,accuracy,precision,recall,f1,roc_auc,cv_auc_mean,cv_auc_std
Logistic Regression,0.8124074074074074,0.7086247086247086,0.2550335570469799,0.3750771128932758,0.7306708060070942,0.7215073203379501,0.00503973675929278
Random Forest,0.8275925925925925,0.6980273141122914,0.3859060402684564,0.4970286331712588,0.7911591176601934,0.7752044180483744,0.005427929069107887
