,accuracy,precision,recall,f1,roc_auc,cv_auc_mean,cv_auc_std
CatBoost,0.7245,0.4175101214574899,0.6217030896759608,0.49954586739327883,0.7261742366762128,0.7152638237717759,0.00889243714404782
Logistic Regression,0.6951666666666667,0.3885435168738899,0.6593820648078372,0.4889633975970942,0.6987484097505091,0.6964653727621826,0.008995027638569224
Random Forest,0.7223333333333334,0.37814521926671457,0.39638281838733985,0.38704930095658574,0.6558733967084073,0.6605899677859552,0.0165797772539566
