model,accuracy,f1_score,roc_auc,cv_auc_mean,cv_auc_std
CatBoostClassifier,0.7258333333333333,0.5007587253414264,0.7251949703527021,0.7181435402361206,0.006618554037663294
RandomForestClassifier,0.7263333333333334,0.5003043213633597,0.7233067481407647,0.717881082145659,0.0057773191853106734
LogisticRegression,0.6951666666666667,0.489533910131175,0.6984863582436003,0.6967325941163909,0.009382737856973912
